[{"title":"Hello World","date":"2019-11-29T12:21:42.257Z","path":"ck3k4e6ia0003jgv8e2aoeq9l.html","text":"Welcome to Hexo! This is your very first post. Check documentation for more info. If you get any problems when using Hexo, you can find the answer in troubleshooting or you can ask me on GitHub. Quick StartCreate a new post1$ hexo new \"My New Post\" More info: Writing Run server1$ hexo server More info: Server Generate static files1$ hexo generate More info: Generating Deploy to remote sites1$ hexo deploy More info: Deployment","tags":[{"name":"javascript","slug":"javascript","permalink":"http://www.anyaoqi.cn/tags/javascript/"}]},{"title":"使用css禁用点击事件","date":"2019-11-20T05:43:28.000Z","path":"ck3k4e6ij0009jgv81r8h6mef.html","text":"js阻止默认行为：event.preventDefault() 或 return falseJs阻止事件冒泡： evnet.stopPropagation() 或 e.cancelBubble = true （IE） 使用css禁用点击事件&emsp;&emsp;在css中有很多实用但平常不常用的属性，比如今天要说的 pointer-events属性。这个css属性的作用就是控制标签的事件是否可用，如果在css里面把标签的这个属性值改为none，那么这个标签就失去了任何的事件，也就做到了禁用点击事件的效果，即使在js里面已经绑定过事件也是不可点击的。 pointer-events 的作用：1 阻止用户的点击动作产生任何效果 2 阻止缺省鼠标指针的显示 3 阻止CSS里的hover和active状态的变化触发事件 4 阻止JavaScript点击动作触发的事件 示例： .disabled { pointer-events: none; cursor: default; opacity: 0.6; }","tags":[{"name":"css","slug":"css","permalink":"http://www.anyaoqi.cn/tags/css/"},{"name":"pointer-events","slug":"pointer-events","permalink":"http://www.anyaoqi.cn/tags/pointer-events/"}]},{"title":"说说我看完《放学后》的感触","date":"2019-11-19T09:10:19.000Z","path":"ck3k4e6ik000ajgv88hxx25o4.html","text":"我特别喜欢东野圭吾的书，这篇书又是他的成名作，这本书一直很想读，读完之后有一句感悟想记录下来。 我们有拼了命也要保护的东西 &emsp;&emsp;这本东野圭吾的《放学后》最后的杀人理由看似有些荒唐，但确实是很多人内心真实的想法。在我看来这关乎尊严，内心的折磨往往比肉体的折磨更痛苦。就像现实中有些女生的心理是我喜欢你可以跟你睡，但你不能看我脱衣服。","tags":[{"name":"读书","slug":"读书","permalink":"http://www.anyaoqi.cn/tags/%E8%AF%BB%E4%B9%A6/"},{"name":"东野圭吾","slug":"东野圭吾","permalink":"http://www.anyaoqi.cn/tags/%E4%B8%9C%E9%87%8E%E5%9C%AD%E5%90%BE/"},{"name":"感悟","slug":"感悟","permalink":"http://www.anyaoqi.cn/tags/%E6%84%9F%E6%82%9F/"}]},{"title":"vue-cli3 项目使用postcss-pxtorem解决移动端适配的问题","date":"2019-11-18T00:39:11.000Z","path":"ck3k4e6if0006jgv83dhmdide.html","text":"一. 项目中引入lib-flexiblelib-flexible 会自动在html的head中添加一个meta name=”viewport”的标签，同时会自动设置html的font-size为屏幕宽度除以10，也就是1rem等于html根节点的font-size。假如设计稿的宽度是750px，此时1rem应该等于75px。假如量的某个元素的宽度是150px，那么在css里面定义这个元素的宽度就是 width: 2rem。 安装 lib-flexible npm install lib-flexible --save 在 main.js 中引入 import &quot;lib-flexible&quot;; 二. 项目中引入 postcss-pxtorempostcss-pxtorem: postcss的一个插件，主要是帮你把px转换成对应的rem；然后：还要用js代码去动态算根目录应该有的字体大小，反正就是一段js代码去动态获取屏幕宽度！ 安装 postcss-pxtorem npm install postcss-pxtorem -D 在vue.config.js 中配置 首先引入 postcss-pxtorem const pxtorem = require(&quot;postcss-pxtorem&quot;); 然后在module.exports.loaderOptions.postcss.plugins里面增加以下内容 pxtorem({ rootValue: 37.5, propList: [&quot;*&quot;] }) 好了，现在从F12控制台审查元素看一下你的px有没有自动转换为rem，如果单位是rem说明成功了。","tags":[{"name":"vue-cli3","slug":"vue-cli3","permalink":"http://www.anyaoqi.cn/tags/vue-cli3/"},{"name":"移动端适配","slug":"移动端适配","permalink":"http://www.anyaoqi.cn/tags/%E7%A7%BB%E5%8A%A8%E7%AB%AF%E9%80%82%E9%85%8D/"},{"name":"postcss-pxtorem","slug":"postcss-pxtorem","permalink":"http://www.anyaoqi.cn/tags/postcss-pxtorem/"}]},{"title":"我的第一篇文章","date":"2019-11-08T07:34:36.000Z","path":"ck3k4e6i50001jgv8axwpeiaf.html","text":"MdEditor的功能列表演示标题H1标题H2标题H3标题H4标题H5标题H6删除线倾斜加粗又倾斜又加粗 引用：如果想要使用换行 必须在结尾输入两个以上空格现在可以换行了","tags":[]}]